-- MariaDB dump 10.19  Distrib 10.7.1-MariaDB, for debian-linux-gnu (x86_64)
--
-- Host: localhost    Database: SpkPkh_db
-- ------------------------------------------------------
-- Server version	10.7.1-MariaDB-1:10.7.1+maria~focal

/*!40101 SET @OLD_CHARACTER_SET_CLIENT=@@CHARACTER_SET_CLIENT */;
/*!40101 SET @OLD_CHARACTER_SET_RESULTS=@@CHARACTER_SET_RESULTS */;
/*!40101 SET @OLD_COLLATION_CONNECTION=@@COLLATION_CONNECTION */;
/*!40101 SET NAMES utf8mb4 */;
/*!40103 SET @OLD_TIME_ZONE=@@TIME_ZONE */;
/*!40103 SET TIME_ZONE='+00:00' */;
/*!40014 SET @OLD_UNIQUE_CHECKS=@@UNIQUE_CHECKS, UNIQUE_CHECKS=0 */;
/*!40014 SET @OLD_FOREIGN_KEY_CHECKS=@@FOREIGN_KEY_CHECKS, FOREIGN_KEY_CHECKS=0 */;
/*!40101 SET @OLD_SQL_MODE=@@SQL_MODE, SQL_MODE='NO_AUTO_VALUE_ON_ZERO' */;
/*!40111 SET @OLD_SQL_NOTES=@@SQL_NOTES, SQL_NOTES=0 */;

--
-- Current Database: `SpkPkh_db`
--

CREATE DATABASE /*!32312 IF NOT EXISTS*/ `SpkPkh_db` /*!40100 DEFAULT CHARACTER SET utf8mb4 */;

USE `SpkPkh_db`;

--
-- Table structure for table `Kriteria`
--

DROP TABLE IF EXISTS `Kriteria`;
/*!40101 SET @saved_cs_client     = @@character_set_client */;
/*!40101 SET character_set_client = utf8 */;
CREATE TABLE `Kriteria` (
  `id` int(11) NOT NULL AUTO_INCREMENT,
  `createdAt` datetime(3) NOT NULL DEFAULT current_timestamp(3),
  `updatedAt` datetime(3) NOT NULL,
  `nama` varchar(191) COLLATE utf8mb4_unicode_ci NOT NULL,
  `core` tinyint(1) NOT NULL,
  `bobot` decimal(65,30) NOT NULL,
  `target` int(11) NOT NULL,
  PRIMARY KEY (`id`)
) ENGINE=InnoDB AUTO_INCREMENT=10 DEFAULT CHARSET=utf8mb4 COLLATE=utf8mb4_unicode_ci;
/*!40101 SET character_set_client = @saved_cs_client */;

--
-- Dumping data for table `Kriteria`
--

LOCK TABLES `Kriteria` WRITE;
/*!40000 ALTER TABLE `Kriteria` DISABLE KEYS */;
INSERT INTO `Kriteria` VALUES
(1,'2022-02-10 18:06:27.953','2022-02-10 18:06:27.953','Ada anak balita',1,15.000000000000000000000000000000,7),
(2,'2022-02-10 18:07:17.786','2022-02-10 18:07:17.786','Ada ibu hamil',1,15.000000000000000000000000000000,7),
(3,'2022-02-10 18:08:20.509','2022-02-10 18:08:20.509','Ada anak usia sekolah 6-18tahun',1,15.000000000000000000000000000000,7),
(4,'2022-02-10 18:09:30.357','2022-02-10 18:09:30.357','Ada anggota keluarga penyandang disabilitas berat',0,10.000000000000000000000000000000,7),
(5,'2022-02-10 18:11:19.466','2022-02-10 18:11:19.466','Ada anggota keluarga lanjut usia diatas 60 tahun',0,10.000000000000000000000000000000,7),
(6,'2022-02-10 18:12:57.059','2022-02-10 18:18:25.462','Pekerjaan  kepala keluarga',0,10.000000000000000000000000000000,5),
(7,'2022-02-10 18:13:39.444','2022-02-10 18:18:43.042','Penghasilan',0,10.000000000000000000000000000000,5),
(8,'2022-02-10 18:19:11.965','2022-02-10 18:20:52.324','Jumlah Anggota Keluarga',0,10.000000000000000000000000000000,5),
(9,'2022-02-10 18:21:22.356','2022-02-10 18:21:22.356','Menerima Bantuan Selain PKH',0,5.000000000000000000000000000000,7);
/*!40000 ALTER TABLE `Kriteria` ENABLE KEYS */;
UNLOCK TABLES;

--
-- Table structure for table `PenerimaBantuan`
--

DROP TABLE IF EXISTS `PenerimaBantuan`;
/*!40101 SET @saved_cs_client     = @@character_set_client */;
/*!40101 SET character_set_client = utf8 */;
CREATE TABLE `PenerimaBantuan` (
  `id` int(11) NOT NULL AUTO_INCREMENT,
  `createdAt` datetime(3) NOT NULL DEFAULT current_timestamp(3),
  `updatedAt` datetime(3) NOT NULL,
  `profilePicture` varchar(191) COLLATE utf8mb4_unicode_ci DEFAULT NULL,
  `nama` varchar(191) COLLATE utf8mb4_unicode_ci NOT NULL,
  `rt` varchar(191) COLLATE utf8mb4_unicode_ci NOT NULL,
  `rw` varchar(191) COLLATE utf8mb4_unicode_ci NOT NULL,
  `kontak` varchar(191) COLLATE utf8mb4_unicode_ci NOT NULL,
  `nik` varchar(191) COLLATE utf8mb4_unicode_ci NOT NULL,
  `noKk` varchar(191) COLLATE utf8mb4_unicode_ci NOT NULL,
  PRIMARY KEY (`id`)
) ENGINE=InnoDB AUTO_INCREMENT=27 DEFAULT CHARSET=utf8mb4 COLLATE=utf8mb4_unicode_ci;
/*!40101 SET character_set_client = @saved_cs_client */;

--
-- Dumping data for table `PenerimaBantuan`
--

LOCK TABLES `PenerimaBantuan` WRITE;
/*!40000 ALTER TABLE `PenerimaBantuan` DISABLE KEYS */;
INSERT INTO `PenerimaBantuan` VALUES
(10,'2022-02-11 16:37:57.518','2022-02-11 16:37:57.519',NULL,'Alince Ang Djali','13','08','35','6776','557'),
(11,'2022-02-11 16:39:05.264','2022-02-11 16:39:05.264',NULL,'Desy Taga Uly','124','04','2243','757','6809'),
(12,'2022-02-11 16:40:04.467','2022-02-11 16:40:04.468',NULL,'Damaris Para Era','234','434','342','456','534'),
(13,'2022-02-11 16:40:56.924','2022-02-11 16:40:56.924',NULL,'Marlina Djami Raga','433','345','678','342','6454'),
(14,'2022-02-11 16:41:44.353','2022-02-11 16:41:44.353',NULL,'Kornelia Wadu Bunga','5454','346','886','543','7763'),
(15,'2022-02-11 16:42:33.773','2022-02-11 16:42:33.773',NULL,'Oriance Nepa','54343','7488','133','876','462'),
(16,'2022-02-11 16:43:29.774','2022-02-11 16:43:29.774',NULL,'Damaris Gay Kore Udju','325','356','978','632','323'),
(17,'2022-02-11 16:44:20.179','2022-02-11 16:44:20.179',NULL,'Rafael Tulu Ga','8878','214','7854','4545','8432'),
(18,'2022-02-11 16:45:10.489','2022-02-11 16:45:10.489',NULL,'Mariana Bunga','9240','342','53','2312','433'),
(19,'2022-02-11 16:46:20.224','2022-02-11 16:46:20.225',NULL,'Sopia Adriana Udju Lomi','23','45','32','998','21'),
(20,'2022-02-11 16:47:30.320','2022-02-11 16:47:30.320',NULL,'Mariance  Udju Lomi Padji Weo','33','67','335','21','553'),
(21,'2022-02-11 16:48:36.126','2022-02-11 16:48:36.127',NULL,'Sri Yufriani Djami Dubu','54','535','577','099','382'),
(22,'2022-02-11 16:49:14.290','2022-02-11 16:49:14.290',NULL,'Marten Uly','52','564','869','54','32'),
(23,'2022-02-11 16:50:01.651','2022-02-11 16:50:01.652',NULL,'Ibendrik Uly','32','95','62','84','21'),
(24,'2022-02-11 16:51:00.908','2022-02-11 16:51:00.909',NULL,'Ester Dully Daobiha','433','98','443','907','213'),
(25,'2022-02-13 04:02:56.935','2022-02-13 04:02:56.935',NULL,'Rian Lakomendi','01','20','092392938923','812981982','2983298392');
/*!40000 ALTER TABLE `PenerimaBantuan` ENABLE KEYS */;
UNLOCK TABLES;

--
-- Table structure for table `Penilaian`
--

DROP TABLE IF EXISTS `Penilaian`;
/*!40101 SET @saved_cs_client     = @@character_set_client */;
/*!40101 SET character_set_client = utf8 */;
CREATE TABLE `Penilaian` (
  `id` int(11) NOT NULL AUTO_INCREMENT,
  `createdAt` datetime(3) NOT NULL DEFAULT current_timestamp(3),
  `updatedAt` datetime(3) NOT NULL,
  `subkriteriaId` int(11) NOT NULL,
  `penerimaBantuanId` int(11) NOT NULL,
  `periodeId` int(11) NOT NULL,
  PRIMARY KEY (`id`),
  KEY `Penilaian_periodeId_fkey` (`periodeId`),
  KEY `Penilaian_penerimaBantuanId_fkey` (`penerimaBantuanId`),
  KEY `Penilaian_subkriteriaId_fkey` (`subkriteriaId`),
  CONSTRAINT `Penilaian_penerimaBantuanId_fkey` FOREIGN KEY (`penerimaBantuanId`) REFERENCES `PenerimaBantuan` (`id`) ON DELETE CASCADE ON UPDATE CASCADE,
  CONSTRAINT `Penilaian_periodeId_fkey` FOREIGN KEY (`periodeId`) REFERENCES `Periode` (`id`) ON UPDATE CASCADE,
  CONSTRAINT `Penilaian_subkriteriaId_fkey` FOREIGN KEY (`subkriteriaId`) REFERENCES `Subkriteria` (`id`) ON DELETE CASCADE ON UPDATE CASCADE
) ENGINE=InnoDB AUTO_INCREMENT=226 DEFAULT CHARSET=utf8mb4 COLLATE=utf8mb4_unicode_ci;
/*!40101 SET character_set_client = @saved_cs_client */;

--
-- Dumping data for table `Penilaian`
--

LOCK TABLES `Penilaian` WRITE;
/*!40000 ALTER TABLE `Penilaian` DISABLE KEYS */;
INSERT INTO `Penilaian` VALUES
(19,'2022-02-11 16:54:35.032','2022-02-11 16:54:35.037',2,10,2),
(20,'2022-02-11 16:54:35.033','2022-02-11 16:54:35.037',4,10,2),
(21,'2022-02-11 16:54:35.033','2022-02-11 16:54:35.037',11,10,2),
(22,'2022-02-11 16:54:35.033','2022-02-11 16:54:35.037',15,10,2),
(23,'2022-02-11 16:54:35.033','2022-02-11 16:54:35.037',17,10,2),
(24,'2022-02-11 16:54:35.033','2022-02-11 16:54:35.037',20,10,2),
(25,'2022-02-11 16:54:35.036','2022-02-11 16:54:35.037',27,10,2),
(26,'2022-02-11 16:54:35.036','2022-02-11 16:54:35.037',31,10,2),
(27,'2022-02-11 16:54:35.037','2022-02-11 16:54:35.037',35,10,2),
(28,'2022-02-11 16:56:17.836','2022-02-11 16:56:17.837',2,11,2),
(29,'2022-02-11 16:56:17.836','2022-02-11 16:56:17.837',4,11,2),
(30,'2022-02-11 16:56:17.836','2022-02-11 16:56:17.837',12,11,2),
(31,'2022-02-11 16:56:17.836','2022-02-11 16:56:17.837',15,11,2),
(32,'2022-02-11 16:56:17.836','2022-02-11 16:56:17.837',16,11,2),
(33,'2022-02-11 16:56:17.836','2022-02-11 16:56:17.837',19,11,2),
(34,'2022-02-11 16:56:17.836','2022-02-11 16:56:17.837',28,11,2),
(35,'2022-02-11 16:56:17.836','2022-02-11 16:56:17.837',33,11,2),
(36,'2022-02-11 16:56:17.836','2022-02-11 16:56:17.837',34,11,2),
(37,'2022-02-11 16:58:06.108','2022-02-11 16:58:06.109',2,12,2),
(38,'2022-02-11 16:58:06.108','2022-02-11 16:58:06.109',4,12,2),
(39,'2022-02-11 16:58:06.108','2022-02-11 16:58:06.109',11,12,2),
(40,'2022-02-11 16:58:06.108','2022-02-11 16:58:06.109',15,12,2),
(41,'2022-02-11 16:58:06.108','2022-02-11 16:58:06.109',17,12,2),
(42,'2022-02-11 16:58:06.108','2022-02-11 16:58:06.109',20,12,2),
(43,'2022-02-11 16:58:06.108','2022-02-11 16:58:06.109',27,12,2),
(44,'2022-02-11 16:58:06.108','2022-02-11 16:58:06.109',33,12,2),
(45,'2022-02-11 16:58:06.108','2022-02-11 16:58:06.109',34,12,2),
(46,'2022-02-11 17:00:50.430','2022-02-11 17:00:50.431',2,13,2),
(47,'2022-02-11 17:00:50.430','2022-02-11 17:00:50.431',4,13,2),
(48,'2022-02-11 17:00:50.430','2022-02-11 17:00:50.431',11,13,2),
(49,'2022-02-11 17:00:50.430','2022-02-11 17:00:50.431',15,13,2),
(50,'2022-02-11 17:00:50.430','2022-02-11 17:00:50.431',17,13,2),
(51,'2022-02-11 17:00:50.430','2022-02-11 17:00:50.431',22,13,2),
(52,'2022-02-11 17:00:50.430','2022-02-11 17:00:50.431',27,13,2),
(53,'2022-02-11 17:00:50.430','2022-02-11 17:00:50.431',29,13,2),
(54,'2022-02-11 17:00:50.430','2022-02-11 17:00:50.431',35,13,2),
(55,'2022-02-11 17:03:39.183','2022-02-11 17:03:39.184',2,14,2),
(56,'2022-02-11 17:03:39.183','2022-02-11 17:03:39.184',4,14,2),
(57,'2022-02-11 17:03:39.183','2022-02-11 17:03:39.184',8,14,2),
(58,'2022-02-11 17:03:39.183','2022-02-11 17:03:39.184',15,14,2),
(59,'2022-02-11 17:03:39.183','2022-02-11 17:03:39.184',17,14,2),
(60,'2022-02-11 17:03:39.183','2022-02-11 17:03:39.184',20,14,2),
(61,'2022-02-11 17:03:39.183','2022-02-11 17:03:39.184',27,14,2),
(62,'2022-02-11 17:03:39.183','2022-02-11 17:03:39.184',33,14,2),
(63,'2022-02-11 17:03:39.183','2022-02-11 17:03:39.184',34,14,2),
(64,'2022-02-11 17:05:04.466','2022-02-11 17:05:04.467',2,15,2),
(65,'2022-02-11 17:05:04.466','2022-02-11 17:05:04.467',4,15,2),
(66,'2022-02-11 17:05:04.467','2022-02-11 17:05:04.467',12,15,2),
(67,'2022-02-11 17:05:04.467','2022-02-11 17:05:04.467',15,15,2),
(68,'2022-02-11 17:05:04.467','2022-02-11 17:05:04.467',17,15,2),
(69,'2022-02-11 17:05:04.467','2022-02-11 17:05:04.467',19,15,2),
(70,'2022-02-11 17:05:04.467','2022-02-11 17:05:04.467',27,15,2),
(71,'2022-02-11 17:05:04.467','2022-02-11 17:05:04.467',32,15,2),
(72,'2022-02-11 17:05:04.467','2022-02-11 17:05:04.467',35,15,2),
(73,'2022-02-11 17:06:42.426','2022-02-11 17:06:42.427',2,16,2),
(74,'2022-02-11 17:06:42.426','2022-02-11 17:06:42.427',4,16,2),
(75,'2022-02-11 17:06:42.427','2022-02-11 17:06:42.427',11,16,2),
(76,'2022-02-11 17:06:42.427','2022-02-11 17:06:42.427',15,16,2),
(77,'2022-02-11 17:06:42.427','2022-02-11 17:06:42.427',17,16,2),
(78,'2022-02-11 17:06:42.427','2022-02-11 17:06:42.427',19,16,2),
(79,'2022-02-11 17:06:42.427','2022-02-11 17:06:42.427',27,16,2),
(80,'2022-02-11 17:06:42.427','2022-02-11 17:06:42.427',31,16,2),
(81,'2022-02-11 17:06:42.427','2022-02-11 17:06:42.427',35,16,2),
(82,'2022-02-11 17:09:25.960','2022-02-11 17:09:25.961',2,17,2),
(83,'2022-02-11 17:09:25.961','2022-02-11 17:09:25.961',4,17,2),
(84,'2022-02-11 17:09:25.961','2022-02-11 17:09:25.961',5,17,2),
(85,'2022-02-11 17:09:25.961','2022-02-11 17:09:25.961',15,17,2),
(86,'2022-02-11 17:09:25.961','2022-02-11 17:09:25.961',16,17,2),
(87,'2022-02-11 17:09:25.961','2022-02-11 17:09:25.961',20,17,2),
(88,'2022-02-11 17:09:25.961','2022-02-11 17:09:25.961',28,17,2),
(89,'2022-02-11 17:09:25.961','2022-02-11 17:09:25.961',29,17,2),
(90,'2022-02-11 17:09:25.961','2022-02-11 17:09:25.961',34,17,2),
(91,'2022-02-11 17:12:38.414','2022-02-11 17:12:38.415',1,18,2),
(92,'2022-02-11 17:12:38.414','2022-02-11 17:12:38.415',3,18,2),
(93,'2022-02-11 17:12:38.414','2022-02-11 17:12:38.415',5,18,2),
(94,'2022-02-11 17:12:38.414','2022-02-11 17:12:38.415',15,18,2),
(95,'2022-02-11 17:12:38.414','2022-02-11 17:12:38.415',17,18,2),
(96,'2022-02-11 17:12:38.414','2022-02-11 17:12:38.415',20,18,2),
(97,'2022-02-11 17:12:38.414','2022-02-11 17:12:38.415',28,18,2),
(98,'2022-02-11 17:12:38.415','2022-02-11 17:12:38.415',32,18,2),
(99,'2022-02-11 17:12:38.415','2022-02-11 17:12:38.415',35,18,2),
(100,'2022-02-11 17:14:45.127','2022-02-11 17:14:45.127',2,19,2),
(101,'2022-02-11 17:14:45.127','2022-02-11 17:14:45.127',4,19,2),
(102,'2022-02-11 17:14:45.127','2022-02-11 17:14:45.127',11,19,2),
(103,'2022-02-11 17:14:45.127','2022-02-11 17:14:45.127',15,19,2),
(104,'2022-02-11 17:14:45.127','2022-02-11 17:14:45.127',17,19,2),
(105,'2022-02-11 17:14:45.127','2022-02-11 17:14:45.127',19,19,2),
(106,'2022-02-11 17:14:45.127','2022-02-11 17:14:45.127',27,19,2),
(107,'2022-02-11 17:14:45.127','2022-02-11 17:14:45.128',33,19,2),
(108,'2022-02-11 17:14:45.127','2022-02-11 17:14:45.128',35,19,2),
(109,'2022-02-11 17:16:11.479','2022-02-11 17:16:11.479',2,20,2),
(110,'2022-02-11 17:16:11.479','2022-02-11 17:16:11.479',4,20,2),
(111,'2022-02-11 17:16:11.479','2022-02-11 17:16:11.480',7,20,2),
(112,'2022-02-11 17:16:11.479','2022-02-11 17:16:11.480',15,20,2),
(113,'2022-02-11 17:16:11.479','2022-02-11 17:16:11.480',17,20,2),
(114,'2022-02-11 17:16:11.479','2022-02-11 17:16:11.480',22,20,2),
(115,'2022-02-11 17:16:11.479','2022-02-11 17:16:11.480',28,20,2),
(116,'2022-02-11 17:16:11.479','2022-02-11 17:16:11.480',31,20,2),
(117,'2022-02-11 17:16:11.479','2022-02-11 17:16:11.480',35,20,2),
(118,'2022-02-11 17:17:22.510','2022-02-11 17:17:22.511',2,21,2),
(119,'2022-02-11 17:17:22.510','2022-02-11 17:17:22.511',4,21,2),
(120,'2022-02-11 17:17:22.510','2022-02-11 17:17:22.511',12,21,2),
(121,'2022-02-11 17:17:22.511','2022-02-11 17:17:22.511',15,21,2),
(122,'2022-02-11 17:17:22.511','2022-02-11 17:17:22.511',17,21,2),
(123,'2022-02-11 17:17:22.511','2022-02-11 17:17:22.511',20,21,2),
(124,'2022-02-11 17:17:22.511','2022-02-11 17:17:22.511',27,21,2),
(125,'2022-02-11 17:17:22.511','2022-02-11 17:17:22.511',31,21,2),
(126,'2022-02-11 17:17:22.511','2022-02-11 17:17:22.511',35,21,2),
(127,'2022-02-11 17:18:47.920','2022-02-11 17:18:47.921',2,22,2),
(128,'2022-02-11 17:18:47.921','2022-02-11 17:18:47.921',4,22,2),
(129,'2022-02-11 17:18:47.921','2022-02-11 17:18:47.921',8,22,2),
(130,'2022-02-11 17:18:47.921','2022-02-11 17:18:47.921',15,22,2),
(131,'2022-02-11 17:18:47.921','2022-02-11 17:18:47.921',17,22,2),
(132,'2022-02-11 17:18:47.921','2022-02-11 17:18:47.921',20,22,2),
(133,'2022-02-11 17:18:47.921','2022-02-11 17:18:47.921',27,22,2),
(134,'2022-02-11 17:18:47.921','2022-02-11 17:18:47.921',33,22,2),
(135,'2022-02-11 17:18:47.921','2022-02-11 17:18:47.921',34,22,2),
(136,'2022-02-11 17:20:10.657','2022-02-11 17:20:10.658',2,23,2),
(137,'2022-02-11 17:20:10.658','2022-02-11 17:20:10.658',3,23,2),
(138,'2022-02-11 17:20:10.658','2022-02-11 17:20:10.658',13,23,2),
(139,'2022-02-11 17:20:10.658','2022-02-11 17:20:10.658',15,23,2),
(140,'2022-02-11 17:20:10.658','2022-02-11 17:20:10.658',17,23,2),
(141,'2022-02-11 17:20:10.658','2022-02-11 17:20:10.658',20,23,2),
(142,'2022-02-11 17:20:10.658','2022-02-11 17:20:10.658',28,23,2),
(143,'2022-02-11 17:20:10.658','2022-02-11 17:20:10.658',32,23,2),
(144,'2022-02-11 17:20:10.658','2022-02-11 17:20:10.658',35,23,2),
(145,'2022-02-11 17:21:12.642','2022-02-11 17:21:12.643',2,24,2),
(146,'2022-02-11 17:21:12.642','2022-02-11 17:21:12.643',4,24,2),
(147,'2022-02-11 17:21:12.642','2022-02-11 17:21:12.643',8,24,2),
(148,'2022-02-11 17:21:12.642','2022-02-11 17:21:12.643',15,24,2),
(149,'2022-02-11 17:21:12.642','2022-02-11 17:21:12.643',17,24,2),
(150,'2022-02-11 17:21:12.642','2022-02-11 17:21:12.643',20,24,2),
(151,'2022-02-11 17:21:12.642','2022-02-11 17:21:12.643',27,24,2),
(152,'2022-02-11 17:21:12.642','2022-02-11 17:21:12.643',33,24,2),
(153,'2022-02-11 17:21:12.642','2022-02-11 17:21:12.643',35,24,2),
(199,'2022-02-13 04:16:45.737','2022-02-13 04:16:45.738',1,25,2),
(200,'2022-02-13 04:16:45.737','2022-02-13 04:16:45.738',3,25,2),
(201,'2022-02-13 04:16:45.737','2022-02-13 04:16:45.738',5,25,2),
(202,'2022-02-13 04:16:45.737','2022-02-13 04:16:45.738',14,25,2),
(203,'2022-02-13 04:16:45.738','2022-02-13 04:16:45.738',16,25,2),
(204,'2022-02-13 04:16:45.738','2022-02-13 04:16:45.738',18,25,2),
(205,'2022-02-13 04:16:45.738','2022-02-13 04:16:45.738',23,25,2),
(206,'2022-02-13 04:16:45.738','2022-02-13 04:16:45.738',29,25,2),
(207,'2022-02-13 04:16:45.738','2022-02-13 04:16:45.738',34,25,2);
/*!40000 ALTER TABLE `Penilaian` ENABLE KEYS */;
UNLOCK TABLES;

--
-- Table structure for table `Periode`
--

DROP TABLE IF EXISTS `Periode`;
/*!40101 SET @saved_cs_client     = @@character_set_client */;
/*!40101 SET character_set_client = utf8 */;
CREATE TABLE `Periode` (
  `id` int(11) NOT NULL AUTO_INCREMENT,
  `createdAt` datetime(3) NOT NULL DEFAULT current_timestamp(3),
  `updatedAt` datetime(3) NOT NULL,
  `tahun` int(11) NOT NULL,
  `aktif` tinyint(1) NOT NULL DEFAULT 0,
  PRIMARY KEY (`id`)
) ENGINE=InnoDB AUTO_INCREMENT=4 DEFAULT CHARSET=utf8mb4 COLLATE=utf8mb4_unicode_ci;
/*!40101 SET character_set_client = @saved_cs_client */;

--
-- Dumping data for table `Periode`
--

LOCK TABLES `Periode` WRITE;
/*!40000 ALTER TABLE `Periode` DISABLE KEYS */;
INSERT INTO `Periode` VALUES
(1,'2022-02-10 18:59:18.903','2022-02-13 11:30:53.445',2020,0),
(2,'2022-02-10 19:00:12.267','2022-02-13 11:30:53.453',2019,1);
/*!40000 ALTER TABLE `Periode` ENABLE KEYS */;
UNLOCK TABLES;

--
-- Table structure for table `Subkriteria`
--

DROP TABLE IF EXISTS `Subkriteria`;
/*!40101 SET @saved_cs_client     = @@character_set_client */;
/*!40101 SET character_set_client = utf8 */;
CREATE TABLE `Subkriteria` (
  `id` int(11) NOT NULL AUTO_INCREMENT,
  `createdAt` datetime(3) NOT NULL DEFAULT current_timestamp(3),
  `updatedAt` datetime(3) NOT NULL,
  `nama` varchar(191) COLLATE utf8mb4_unicode_ci NOT NULL,
  `bobot` int(11) NOT NULL,
  `kriteriaId` int(11) NOT NULL,
  PRIMARY KEY (`id`),
  KEY `Subkriteria_kriteriaId_fkey` (`kriteriaId`),
  CONSTRAINT `Subkriteria_kriteriaId_fkey` FOREIGN KEY (`kriteriaId`) REFERENCES `Kriteria` (`id`) ON UPDATE CASCADE
) ENGINE=InnoDB AUTO_INCREMENT=36 DEFAULT CHARSET=utf8mb4 COLLATE=utf8mb4_unicode_ci;
/*!40101 SET character_set_client = @saved_cs_client */;

--
-- Dumping data for table `Subkriteria`
--

LOCK TABLES `Subkriteria` WRITE;
/*!40000 ALTER TABLE `Subkriteria` DISABLE KEYS */;
INSERT INTO `Subkriteria` VALUES
(1,'2022-02-10 18:22:02.814','2022-02-10 18:22:02.814','Ada',7,1),
(2,'2022-02-10 18:22:12.481','2022-02-10 18:22:12.481','Tidak',1,1),
(3,'2022-02-10 18:23:54.740','2022-02-10 18:23:54.740','ada',7,2),
(4,'2022-02-10 18:24:36.145','2022-02-10 18:24:36.145','Tidak',1,2),
(5,'2022-02-10 18:26:31.196','2022-02-10 18:26:31.196','Tidak memiliki anak usia sekolah',1,3),
(6,'2022-02-10 18:27:04.606','2022-02-10 18:27:04.607','Anak SD',2,3),
(7,'2022-02-10 18:27:50.107','2022-02-10 18:27:50.107','Anak SMP',3,3),
(8,'2022-02-10 18:28:31.560','2022-02-10 18:28:31.560','Anak SMA',4,3),
(11,'2022-02-10 18:31:19.730','2022-02-10 18:31:19.730','Anak SMP, SMA',7,3),
(12,'2022-02-10 18:32:21.115','2022-02-10 18:32:21.115','Anak SD, SMP',5,3),
(13,'2022-02-10 18:33:15.945','2022-02-10 18:33:15.945','Anak SD, SMA',6,3),
(14,'2022-02-10 18:34:03.638','2022-02-10 18:34:03.638','Ada ',7,4),
(15,'2022-02-10 18:34:24.562','2022-02-10 18:34:24.562','Tidak',1,4),
(16,'2022-02-10 18:35:05.021','2022-02-10 18:35:05.021','Ada',7,5),
(17,'2022-02-10 18:35:26.784','2022-02-10 18:35:26.784','Tidak',1,5),
(18,'2022-02-10 18:36:15.166','2022-02-10 18:36:15.167','PNS',1,6),
(19,'2022-02-10 18:36:34.438','2022-02-10 18:36:34.438','Swasta',2,6),
(20,'2022-02-10 18:36:53.255','2022-02-10 18:36:53.255','Buruh',3,6),
(21,'2022-02-10 18:37:21.552','2022-02-10 18:37:21.552','Petani',4,6),
(22,'2022-02-10 18:37:55.537','2022-02-10 18:37:55.537','Tidak bekerja',5,6),
(23,'2022-02-10 18:38:57.511','2022-02-10 18:38:57.512','> 2.500.000',1,7),
(25,'2022-02-10 18:39:51.709','2022-02-10 18:39:51.709','> 2.000.000 - <= 2.500.000',2,7),
(26,'2022-02-10 18:40:12.046','2022-02-10 18:40:12.046','> 1.000.000 - <= 2.000.000',3,7),
(27,'2022-02-10 18:40:40.485','2022-02-10 18:40:40.485','> 500.000 - <= 1.000.000',4,7),
(28,'2022-02-10 18:41:36.978','2022-02-10 18:41:36.978','<= 500.000',5,7),
(29,'2022-02-10 18:42:29.838','2022-02-10 18:42:29.838','2 orang',1,8),
(30,'2022-02-10 18:43:04.185','2022-02-10 18:43:04.186','3 orang',2,8),
(31,'2022-02-10 18:43:15.206','2022-02-10 18:43:15.206','4 orang',3,8),
(32,'2022-02-10 18:43:43.731','2022-02-10 18:43:43.731','5 orang',4,8),
(33,'2022-02-10 18:44:00.775','2022-02-10 18:44:00.775','> 5 orang',5,8),
(34,'2022-02-10 18:44:50.853','2022-02-10 18:44:50.853','Ada',1,9),
(35,'2022-02-10 18:45:01.522','2022-02-10 18:45:01.522','Tidak',7,9);
/*!40000 ALTER TABLE `Subkriteria` ENABLE KEYS */;
UNLOCK TABLES;

--
-- Table structure for table `User`
--

DROP TABLE IF EXISTS `User`;
/*!40101 SET @saved_cs_client     = @@character_set_client */;
/*!40101 SET character_set_client = utf8 */;
CREATE TABLE `User` (
  `id` int(11) NOT NULL AUTO_INCREMENT,
  `createdAt` datetime(3) NOT NULL DEFAULT current_timestamp(3),
  `updatedAt` datetime(3) NOT NULL,
  `username` varchar(191) COLLATE utf8mb4_unicode_ci NOT NULL,
  `password` varchar(191) COLLATE utf8mb4_unicode_ci NOT NULL,
  `role` enum('ADMIN','PENERIMA') COLLATE utf8mb4_unicode_ci NOT NULL,
  `penerimaBantuanId` int(11) DEFAULT NULL,
  PRIMARY KEY (`id`),
  UNIQUE KEY `User_username_key` (`username`),
  UNIQUE KEY `User_penerimaBantuanId_key` (`penerimaBantuanId`),
  CONSTRAINT `User_penerimaBantuanId_fkey` FOREIGN KEY (`penerimaBantuanId`) REFERENCES `PenerimaBantuan` (`id`) ON DELETE CASCADE ON UPDATE CASCADE
) ENGINE=InnoDB AUTO_INCREMENT=4 DEFAULT CHARSET=utf8mb4 COLLATE=utf8mb4_unicode_ci;
/*!40101 SET character_set_client = @saved_cs_client */;

--
-- Dumping data for table `User`
--

LOCK TABLES `User` WRITE;
/*!40000 ALTER TABLE `User` DISABLE KEYS */;
INSERT INTO `User` VALUES
(1,'2022-02-10 18:02:30.211','2022-02-10 18:02:30.211','adminzero','$2b$04$punJDg7TuLXQg/2xi0/N8.LhQIVpFn9at9eJQKKH.yPKNqdVOX.oe','ADMIN',NULL),
(2,'2022-02-11 14:59:50.055','2022-02-11 14:59:50.055','client01','$2b$04$wEH0T8yyS3I1ITSRT9XgtuY/ogiK2XewFg7ruMbJjkwRM.QxWYWUO','PENERIMA',NULL),
(3,'2022-02-11 15:10:12.411','2022-02-13 04:02:56.950','client02','$2b$04$AD0OyhK4Ca3Dg6qXIvul7.6eAp5inaKccfVwe.bq6uvks6PSvE0Rm','PENERIMA',25);
/*!40000 ALTER TABLE `User` ENABLE KEYS */;
UNLOCK TABLES;

--
-- Table structure for table `_prisma_migrations`
--

DROP TABLE IF EXISTS `_prisma_migrations`;
/*!40101 SET @saved_cs_client     = @@character_set_client */;
/*!40101 SET character_set_client = utf8 */;
CREATE TABLE `_prisma_migrations` (
  `id` varchar(36) COLLATE utf8mb4_unicode_ci NOT NULL,
  `checksum` varchar(64) COLLATE utf8mb4_unicode_ci NOT NULL,
  `finished_at` datetime(3) DEFAULT NULL,
  `migration_name` varchar(255) COLLATE utf8mb4_unicode_ci NOT NULL,
  `logs` text COLLATE utf8mb4_unicode_ci DEFAULT NULL,
  `rolled_back_at` datetime(3) DEFAULT NULL,
  `started_at` datetime(3) NOT NULL DEFAULT current_timestamp(3),
  `applied_steps_count` int(10) unsigned NOT NULL DEFAULT 0,
  PRIMARY KEY (`id`)
) ENGINE=InnoDB DEFAULT CHARSET=utf8mb4 COLLATE=utf8mb4_unicode_ci;
/*!40101 SET character_set_client = @saved_cs_client */;

--
-- Dumping data for table `_prisma_migrations`
--

LOCK TABLES `_prisma_migrations` WRITE;
/*!40000 ALTER TABLE `_prisma_migrations` DISABLE KEYS */;
INSERT INTO `_prisma_migrations` VALUES
('116144fd-f5b5-48a6-929b-f663fd4491a2','221f0e6e8dc5c44b932f139a99e6029eb9d6bf787c67d33a07d55c6ffed55c27','2022-02-10 18:01:28.289','20220210180128_initial',NULL,NULL,'2022-02-10 18:01:28.139',1),
('32e6816b-3413-4e8f-8125-5d80d649ae33','b13d464cb6e8a3f4cbd61ac114084fa0bd91db6e89b2afa61c81f46553fae019','2022-02-11 14:41:16.490','20220211144116_change_role',NULL,NULL,'2022-02-11 14:41:16.467',1),
('8cbf90aa-3882-4746-a745-8d22fb67f82e','b112ae4ee094c827457078d10693e24a767e717ae8aefbdece56adfe01f031c1','2022-02-10 18:50:41.959','20220210185041_nullable_optional_profile_picture',NULL,NULL,'2022-02-10 18:50:41.937',1),
('c970cbc1-8783-49f9-b3d7-6adf7e3c5ecc','13ada85de0b5c299374098290f71a6f914a9a19556aefc44287bc6f8477c3059','2022-02-11 15:08:10.998','20220211150810_connect_penerima_bantuan_to_user',NULL,NULL,'2022-02-11 15:08:10.952',1),
('f0ecd8d4-d025-4e45-884d-1d4ff81834c4','f71343033bef70bebe6f5bab9deb5c77a311d37eefdf85006bb54eb56da33f18','2022-02-13 13:23:08.963','20220213132308_user_penerima_bantuan_referential_integrity',NULL,NULL,'2022-02-13 13:23:08.922',1),
('faf1cd31-2764-4d89-9b7a-7afee583183b','758fc1f14987b52879bb24d3d3cf4e58e0edfbfa2915aac2b68010690339f1f5','2022-02-13 13:22:22.192','20220213132222_referential_integrity',NULL,NULL,'2022-02-13 13:22:22.082',1);
/*!40000 ALTER TABLE `_prisma_migrations` ENABLE KEYS */;
UNLOCK TABLES;
/*!40103 SET TIME_ZONE=@OLD_TIME_ZONE */;

/*!40101 SET SQL_MODE=@OLD_SQL_MODE */;
/*!40014 SET FOREIGN_KEY_CHECKS=@OLD_FOREIGN_KEY_CHECKS */;
/*!40014 SET UNIQUE_CHECKS=@OLD_UNIQUE_CHECKS */;
/*!40101 SET CHARACTER_SET_CLIENT=@OLD_CHARACTER_SET_CLIENT */;
/*!40101 SET CHARACTER_SET_RESULTS=@OLD_CHARACTER_SET_RESULTS */;
/*!40101 SET COLLATION_CONNECTION=@OLD_COLLATION_CONNECTION */;
/*!40111 SET SQL_NOTES=@OLD_SQL_NOTES */;

-- Dump completed on 2022-02-13 23:39:11
