-- phpMyAdmin SQL Dump
-- version 5.1.1
-- https://www.phpmyadmin.net/
--
-- Host: 127.0.0.1
-- Waktu pembuatan: 08 Mar 2022 pada 16.09
-- Versi server: 10.4.22-MariaDB
-- Versi PHP: 8.0.14

SET SQL_MODE = "NO_AUTO_VALUE_ON_ZERO";
START TRANSACTION;
SET time_zone = "+00:00";


/*!40101 SET @OLD_CHARACTER_SET_CLIENT=@@CHARACTER_SET_CLIENT */;
/*!40101 SET @OLD_CHARACTER_SET_RESULTS=@@CHARACTER_SET_RESULTS */;
/*!40101 SET @OLD_COLLATION_CONNECTION=@@COLLATION_CONNECTION */;
/*!40101 SET NAMES utf8mb4 */;

--
-- Database: `spkpkh_db`
--

-- --------------------------------------------------------

--
-- Struktur dari tabel `kriteria`
--

CREATE TABLE `kriteria` (
  `id` int(11) NOT NULL,
  `createdAt` datetime(3) NOT NULL DEFAULT current_timestamp(3),
  `updatedAt` datetime(3) NOT NULL,
  `nama` varchar(191) COLLATE utf8mb4_unicode_ci NOT NULL,
  `core` tinyint(1) NOT NULL,
  `bobot` decimal(65,30) NOT NULL,
  `target` int(11) NOT NULL
) ENGINE=InnoDB DEFAULT CHARSET=utf8mb4 COLLATE=utf8mb4_unicode_ci;

--
-- Dumping data untuk tabel `kriteria`
--

INSERT INTO `kriteria` (`id`, `createdAt`, `updatedAt`, `nama`, `core`, `bobot`, `target`) VALUES
(1, '2022-02-10 18:06:27.953', '2022-02-19 16:38:37.797', 'Ada anak balita', 1, '15.000000000000000000000000000000', 6),
(2, '2022-02-10 18:07:17.786', '2022-02-19 16:47:50.001', 'Ada ibu hamil', 1, '15.000000000000000000000000000000', 6),
(3, '2022-02-10 18:08:20.509', '2022-02-19 16:43:03.009', 'Ada anak usia sekolah 6-18tahun', 1, '15.000000000000000000000000000000', 6),
(4, '2022-02-10 18:09:30.357', '2022-02-19 16:46:33.733', 'Ada anggota keluarga penyandang disabilitas berat', 0, '10.000000000000000000000000000000', 5),
(5, '2022-02-10 18:11:19.466', '2022-02-19 16:48:32.497', 'Ada anggota keluarga lanjut usia diatas 60 tahun', 0, '10.000000000000000000000000000000', 5),
(6, '2022-02-10 18:12:57.059', '2022-02-10 18:18:25.462', 'Pekerjaan  kepala keluarga', 0, '10.000000000000000000000000000000', 5),
(7, '2022-02-10 18:13:39.444', '2022-02-19 16:50:26.257', 'Penghasilan', 0, '10.000000000000000000000000000000', 5),
(8, '2022-02-10 18:19:11.965', '2022-02-19 16:51:01.241', 'Jumlah Anggota Keluarga', 0, '10.000000000000000000000000000000', 5),
(9, '2022-02-10 18:21:22.356', '2022-02-19 16:49:38.827', 'Menerima Bantuan Selain PKH', 0, '5.000000000000000000000000000000', 5);

-- --------------------------------------------------------

--
-- Struktur dari tabel `penerimabantuan`
--

CREATE TABLE `penerimabantuan` (
  `id` int(11) NOT NULL,
  `createdAt` datetime(3) NOT NULL DEFAULT current_timestamp(3),
  `updatedAt` datetime(3) NOT NULL,
  `profilePicture` varchar(191) COLLATE utf8mb4_unicode_ci DEFAULT NULL,
  `nama` varchar(191) COLLATE utf8mb4_unicode_ci NOT NULL,
  `rt` varchar(191) COLLATE utf8mb4_unicode_ci NOT NULL,
  `rw` varchar(191) COLLATE utf8mb4_unicode_ci NOT NULL,
  `kontak` varchar(191) COLLATE utf8mb4_unicode_ci NOT NULL,
  `nik` varchar(191) COLLATE utf8mb4_unicode_ci NOT NULL,
  `noKk` varchar(191) COLLATE utf8mb4_unicode_ci NOT NULL
) ENGINE=InnoDB DEFAULT CHARSET=utf8mb4 COLLATE=utf8mb4_unicode_ci;

--
-- Dumping data untuk tabel `penerimabantuan`
--

INSERT INTO `penerimabantuan` (`id`, `createdAt`, `updatedAt`, `profilePicture`, `nama`, `rt`, `rw`, `kontak`, `nik`, `noKk`) VALUES
(10, '2022-02-11 16:37:57.518', '2022-02-11 16:37:57.519', NULL, 'Alince Ang Djali', '13', '08', '35', '6776', '557'),
(11, '2022-02-11 16:39:05.264', '2022-02-11 16:39:05.264', NULL, 'Desy Taga Uly', '124', '04', '2243', '757', '6809'),
(12, '2022-02-11 16:40:04.467', '2022-02-11 16:40:04.468', NULL, 'Damaris Para Era', '234', '434', '342', '456', '534'),
(13, '2022-02-11 16:40:56.924', '2022-02-11 16:40:56.924', NULL, 'Marlina Djami Raga', '433', '345', '678', '342', '6454'),
(14, '2022-02-11 16:41:44.353', '2022-02-11 16:41:44.353', NULL, 'Kornelia Wadu Bunga', '5454', '346', '886', '543', '7763'),
(15, '2022-02-11 16:42:33.773', '2022-02-11 16:42:33.773', NULL, 'Oriance Nepa', '54343', '7488', '133', '876', '462'),
(16, '2022-02-11 16:43:29.774', '2022-02-11 16:43:29.774', NULL, 'Damaris Gay Kore Udju', '325', '356', '978', '632', '323'),
(17, '2022-02-11 16:44:20.179', '2022-02-11 16:44:20.179', NULL, 'Rafael Tulu Ga', '8878', '214', '7854', '4545', '8432'),
(18, '2022-02-11 16:45:10.489', '2022-02-11 16:45:10.489', NULL, 'Mariana Bunga', '9240', '342', '53', '2312', '433'),
(19, '2022-02-11 16:46:20.224', '2022-02-11 16:46:20.225', NULL, 'Sopia Adriana Udju Lomi', '23', '45', '32', '998', '21'),
(20, '2022-02-11 16:47:30.320', '2022-02-11 16:47:30.320', NULL, 'Mariance  Udju Lomi Padji Weo', '33', '67', '335', '21', '553'),
(21, '2022-02-11 16:48:36.126', '2022-02-11 16:48:36.127', NULL, 'Sri Yufriani Djami Dubu', '54', '535', '577', '099', '382'),
(22, '2022-02-11 16:49:14.290', '2022-02-11 16:49:14.290', NULL, 'Marten Uly', '52', '564', '869', '54', '32'),
(23, '2022-02-11 16:50:01.651', '2022-02-11 16:50:01.652', NULL, 'Ibendrik Uly', '32', '95', '62', '84', '21'),
(24, '2022-02-11 16:51:00.908', '2022-02-11 16:51:00.909', NULL, 'Ester Dully Daobiha', '433', '98', '443', '907', '213'),
(30, '2022-03-02 15:58:49.772', '2022-03-02 15:58:49.831', NULL, 'Rote Labu', '15', '04', '082', '123', '456');

-- --------------------------------------------------------

--
-- Struktur dari tabel `penilaian`
--

CREATE TABLE `penilaian` (
  `id` int(11) NOT NULL,
  `createdAt` datetime(3) NOT NULL DEFAULT current_timestamp(3),
  `updatedAt` datetime(3) NOT NULL,
  `subkriteriaId` int(11) NOT NULL,
  `penerimaBantuanId` int(11) NOT NULL,
  `periodeId` int(11) NOT NULL
) ENGINE=InnoDB DEFAULT CHARSET=utf8mb4 COLLATE=utf8mb4_unicode_ci;

--
-- Dumping data untuk tabel `penilaian`
--

INSERT INTO `penilaian` (`id`, `createdAt`, `updatedAt`, `subkriteriaId`, `penerimaBantuanId`, `periodeId`) VALUES
(37, '2022-02-11 16:58:06.108', '2022-02-11 16:58:06.109', 2, 12, 2),
(38, '2022-02-11 16:58:06.108', '2022-02-11 16:58:06.109', 4, 12, 2),
(39, '2022-02-11 16:58:06.108', '2022-02-11 16:58:06.109', 11, 12, 2),
(40, '2022-02-11 16:58:06.108', '2022-02-11 16:58:06.109', 15, 12, 2),
(41, '2022-02-11 16:58:06.108', '2022-02-11 16:58:06.109', 17, 12, 2),
(42, '2022-02-11 16:58:06.108', '2022-02-11 16:58:06.109', 20, 12, 2),
(43, '2022-02-11 16:58:06.108', '2022-02-11 16:58:06.109', 27, 12, 2),
(44, '2022-02-11 16:58:06.108', '2022-02-11 16:58:06.109', 33, 12, 2),
(45, '2022-02-11 16:58:06.108', '2022-02-11 16:58:06.109', 34, 12, 2),
(55, '2022-02-11 17:03:39.183', '2022-02-11 17:03:39.184', 2, 14, 2),
(56, '2022-02-11 17:03:39.183', '2022-02-11 17:03:39.184', 4, 14, 2),
(57, '2022-02-11 17:03:39.183', '2022-02-11 17:03:39.184', 8, 14, 2),
(58, '2022-02-11 17:03:39.183', '2022-02-11 17:03:39.184', 15, 14, 2),
(59, '2022-02-11 17:03:39.183', '2022-02-11 17:03:39.184', 17, 14, 2),
(60, '2022-02-11 17:03:39.183', '2022-02-11 17:03:39.184', 20, 14, 2),
(61, '2022-02-11 17:03:39.183', '2022-02-11 17:03:39.184', 27, 14, 2),
(62, '2022-02-11 17:03:39.183', '2022-02-11 17:03:39.184', 33, 14, 2),
(63, '2022-02-11 17:03:39.183', '2022-02-11 17:03:39.184', 34, 14, 2),
(64, '2022-02-11 17:05:04.466', '2022-02-11 17:05:04.467', 2, 15, 2),
(65, '2022-02-11 17:05:04.466', '2022-02-11 17:05:04.467', 4, 15, 2),
(66, '2022-02-11 17:05:04.467', '2022-02-11 17:05:04.467', 12, 15, 2),
(67, '2022-02-11 17:05:04.467', '2022-02-11 17:05:04.467', 15, 15, 2),
(68, '2022-02-11 17:05:04.467', '2022-02-11 17:05:04.467', 17, 15, 2),
(69, '2022-02-11 17:05:04.467', '2022-02-11 17:05:04.467', 19, 15, 2),
(70, '2022-02-11 17:05:04.467', '2022-02-11 17:05:04.467', 27, 15, 2),
(71, '2022-02-11 17:05:04.467', '2022-02-11 17:05:04.467', 32, 15, 2),
(72, '2022-02-11 17:05:04.467', '2022-02-11 17:05:04.467', 35, 15, 2),
(82, '2022-02-11 17:09:25.960', '2022-02-11 17:09:25.961', 2, 17, 2),
(83, '2022-02-11 17:09:25.961', '2022-02-11 17:09:25.961', 4, 17, 2),
(84, '2022-02-11 17:09:25.961', '2022-02-11 17:09:25.961', 5, 17, 2),
(85, '2022-02-11 17:09:25.961', '2022-02-11 17:09:25.961', 15, 17, 2),
(86, '2022-02-11 17:09:25.961', '2022-02-11 17:09:25.961', 16, 17, 2),
(87, '2022-02-11 17:09:25.961', '2022-02-11 17:09:25.961', 20, 17, 2),
(88, '2022-02-11 17:09:25.961', '2022-02-11 17:09:25.961', 28, 17, 2),
(89, '2022-02-11 17:09:25.961', '2022-02-11 17:09:25.961', 29, 17, 2),
(90, '2022-02-11 17:09:25.961', '2022-02-11 17:09:25.961', 34, 17, 2),
(91, '2022-02-11 17:12:38.414', '2022-02-11 17:12:38.415', 1, 18, 2),
(92, '2022-02-11 17:12:38.414', '2022-02-11 17:12:38.415', 3, 18, 2),
(93, '2022-02-11 17:12:38.414', '2022-02-11 17:12:38.415', 5, 18, 2),
(94, '2022-02-11 17:12:38.414', '2022-02-11 17:12:38.415', 15, 18, 2),
(95, '2022-02-11 17:12:38.414', '2022-02-11 17:12:38.415', 17, 18, 2),
(96, '2022-02-11 17:12:38.414', '2022-02-11 17:12:38.415', 20, 18, 2),
(97, '2022-02-11 17:12:38.414', '2022-02-11 17:12:38.415', 28, 18, 2),
(98, '2022-02-11 17:12:38.415', '2022-02-11 17:12:38.415', 32, 18, 2),
(99, '2022-02-11 17:12:38.415', '2022-02-11 17:12:38.415', 35, 18, 2),
(109, '2022-02-11 17:16:11.479', '2022-02-11 17:16:11.479', 2, 20, 2),
(110, '2022-02-11 17:16:11.479', '2022-02-11 17:16:11.479', 4, 20, 2),
(111, '2022-02-11 17:16:11.479', '2022-02-11 17:16:11.480', 7, 20, 2),
(112, '2022-02-11 17:16:11.479', '2022-02-11 17:16:11.480', 15, 20, 2),
(113, '2022-02-11 17:16:11.479', '2022-02-11 17:16:11.480', 17, 20, 2),
(114, '2022-02-11 17:16:11.479', '2022-02-11 17:16:11.480', 22, 20, 2),
(115, '2022-02-11 17:16:11.479', '2022-02-11 17:16:11.480', 28, 20, 2),
(116, '2022-02-11 17:16:11.479', '2022-02-11 17:16:11.480', 31, 20, 2),
(117, '2022-02-11 17:16:11.479', '2022-02-11 17:16:11.480', 35, 20, 2),
(118, '2022-02-11 17:17:22.510', '2022-02-11 17:17:22.511', 2, 21, 2),
(119, '2022-02-11 17:17:22.510', '2022-02-11 17:17:22.511', 4, 21, 2),
(120, '2022-02-11 17:17:22.510', '2022-02-11 17:17:22.511', 12, 21, 2),
(121, '2022-02-11 17:17:22.511', '2022-02-11 17:17:22.511', 15, 21, 2),
(122, '2022-02-11 17:17:22.511', '2022-02-11 17:17:22.511', 17, 21, 2),
(123, '2022-02-11 17:17:22.511', '2022-02-11 17:17:22.511', 20, 21, 2),
(124, '2022-02-11 17:17:22.511', '2022-02-11 17:17:22.511', 27, 21, 2),
(125, '2022-02-11 17:17:22.511', '2022-02-11 17:17:22.511', 31, 21, 2),
(126, '2022-02-11 17:17:22.511', '2022-02-11 17:17:22.511', 35, 21, 2),
(136, '2022-02-11 17:20:10.657', '2022-02-11 17:20:10.658', 2, 23, 2),
(137, '2022-02-11 17:20:10.658', '2022-02-11 17:20:10.658', 3, 23, 2),
(138, '2022-02-11 17:20:10.658', '2022-02-11 17:20:10.658', 13, 23, 2),
(139, '2022-02-11 17:20:10.658', '2022-02-11 17:20:10.658', 15, 23, 2),
(140, '2022-02-11 17:20:10.658', '2022-02-11 17:20:10.658', 17, 23, 2),
(141, '2022-02-11 17:20:10.658', '2022-02-11 17:20:10.658', 20, 23, 2),
(142, '2022-02-11 17:20:10.658', '2022-02-11 17:20:10.658', 28, 23, 2),
(143, '2022-02-11 17:20:10.658', '2022-02-11 17:20:10.658', 32, 23, 2),
(144, '2022-02-11 17:20:10.658', '2022-02-11 17:20:10.658', 35, 23, 2),
(244, '2022-02-14 16:07:14.389', '2022-02-14 16:07:14.420', 2, 13, 2),
(245, '2022-02-14 16:07:14.396', '2022-02-14 16:07:14.421', 4, 13, 2),
(246, '2022-02-14 16:07:14.396', '2022-02-14 16:07:14.421', 11, 13, 2),
(247, '2022-02-14 16:07:14.397', '2022-02-14 16:07:14.421', 15, 13, 2),
(248, '2022-02-14 16:07:14.397', '2022-02-14 16:07:14.421', 17, 13, 2),
(249, '2022-02-14 16:07:14.397', '2022-02-14 16:07:14.421', 22, 13, 2),
(250, '2022-02-14 16:07:14.397', '2022-02-14 16:07:14.421', 28, 13, 2),
(251, '2022-02-14 16:07:14.397', '2022-02-14 16:07:14.421', 33, 13, 2),
(252, '2022-02-14 16:07:14.397', '2022-02-14 16:07:14.421', 35, 13, 2),
(253, '2022-02-14 16:10:00.266', '2022-02-14 16:10:00.266', 2, 10, 2),
(254, '2022-02-14 16:10:00.266', '2022-02-14 16:10:00.266', 4, 10, 2),
(255, '2022-02-14 16:10:00.266', '2022-02-14 16:10:00.266', 11, 10, 2),
(256, '2022-02-14 16:10:00.266', '2022-02-14 16:10:00.266', 15, 10, 2),
(257, '2022-02-14 16:10:00.266', '2022-02-14 16:10:00.266', 17, 10, 2),
(258, '2022-02-14 16:10:00.266', '2022-02-14 16:10:00.266', 20, 10, 2),
(259, '2022-02-14 16:10:00.266', '2022-02-14 16:10:00.266', 27, 10, 2),
(260, '2022-02-14 16:10:00.266', '2022-02-14 16:10:00.266', 31, 10, 2),
(261, '2022-02-14 16:10:00.266', '2022-02-14 16:10:00.266', 35, 10, 2),
(262, '2022-02-14 16:11:08.666', '2022-02-14 16:11:08.667', 2, 19, 2),
(263, '2022-02-14 16:11:08.666', '2022-02-14 16:11:08.667', 4, 19, 2),
(264, '2022-02-14 16:11:08.666', '2022-02-14 16:11:08.667', 11, 19, 2),
(265, '2022-02-14 16:11:08.666', '2022-02-14 16:11:08.667', 15, 19, 2),
(266, '2022-02-14 16:11:08.666', '2022-02-14 16:11:08.667', 17, 19, 2),
(267, '2022-02-14 16:11:08.666', '2022-02-14 16:11:08.667', 19, 19, 2),
(268, '2022-02-14 16:11:08.666', '2022-02-14 16:11:08.667', 27, 19, 2),
(269, '2022-02-14 16:11:08.667', '2022-02-14 16:11:08.667', 33, 19, 2),
(270, '2022-02-14 16:11:08.667', '2022-02-14 16:11:08.667', 35, 19, 2),
(271, '2022-02-14 16:13:13.344', '2022-02-14 16:13:13.345', 2, 16, 2),
(272, '2022-02-14 16:13:13.345', '2022-02-14 16:13:13.345', 4, 16, 2),
(273, '2022-02-14 16:13:13.345', '2022-02-14 16:13:13.345', 11, 16, 2),
(274, '2022-02-14 16:13:13.345', '2022-02-14 16:13:13.345', 15, 16, 2),
(275, '2022-02-14 16:13:13.345', '2022-02-14 16:13:13.345', 17, 16, 2),
(276, '2022-02-14 16:13:13.345', '2022-02-14 16:13:13.345', 19, 16, 2),
(277, '2022-02-14 16:13:13.345', '2022-02-14 16:13:13.345', 27, 16, 2),
(278, '2022-02-14 16:13:13.345', '2022-02-14 16:13:13.345', 31, 16, 2),
(279, '2022-02-14 16:13:13.345', '2022-02-14 16:13:13.345', 35, 16, 2),
(298, '2022-02-20 13:51:15.913', '2022-02-20 13:51:15.913', 2, 11, 2),
(299, '2022-02-20 13:51:15.913', '2022-02-20 13:51:15.913', 4, 11, 2),
(300, '2022-02-20 13:51:15.913', '2022-02-20 13:51:15.913', 12, 11, 2),
(301, '2022-02-20 13:51:15.913', '2022-02-20 13:51:15.913', 15, 11, 2),
(302, '2022-02-20 13:51:15.913', '2022-02-20 13:51:15.913', 17, 11, 2),
(303, '2022-02-20 13:51:15.913', '2022-02-20 13:51:15.913', 19, 11, 2),
(304, '2022-02-20 13:51:15.913', '2022-02-20 13:51:15.913', 27, 11, 2),
(305, '2022-02-20 13:51:15.913', '2022-02-20 13:51:15.913', 33, 11, 2),
(306, '2022-02-20 13:51:15.913', '2022-02-20 13:51:15.913', 34, 11, 2),
(307, '2022-02-20 13:54:13.986', '2022-02-20 13:54:13.986', 2, 24, 2),
(308, '2022-02-20 13:54:13.986', '2022-02-20 13:54:13.986', 4, 24, 2),
(309, '2022-02-20 13:54:13.986', '2022-02-20 13:54:13.986', 8, 24, 2),
(310, '2022-02-20 13:54:13.986', '2022-02-20 13:54:13.986', 15, 24, 2),
(311, '2022-02-20 13:54:13.986', '2022-02-20 13:54:13.986', 17, 24, 2),
(312, '2022-02-20 13:54:13.986', '2022-02-20 13:54:13.986', 20, 24, 2),
(313, '2022-02-20 13:54:13.986', '2022-02-20 13:54:13.986', 28, 24, 2),
(314, '2022-02-20 13:54:13.986', '2022-02-20 13:54:13.986', 33, 24, 2),
(315, '2022-02-20 13:54:13.986', '2022-02-20 13:54:13.986', 35, 24, 2),
(316, '2022-02-20 13:58:01.449', '2022-02-20 13:58:01.461', 2, 22, 2),
(317, '2022-02-20 13:58:01.449', '2022-02-20 13:58:01.461', 4, 22, 2),
(318, '2022-02-20 13:58:01.449', '2022-02-20 13:58:01.461', 8, 22, 2),
(319, '2022-02-20 13:58:01.449', '2022-02-20 13:58:01.461', 15, 22, 2),
(320, '2022-02-20 13:58:01.449', '2022-02-20 13:58:01.461', 17, 22, 2),
(321, '2022-02-20 13:58:01.449', '2022-02-20 13:58:01.461', 20, 22, 2),
(322, '2022-02-20 13:58:01.449', '2022-02-20 13:58:01.461', 28, 22, 2),
(323, '2022-02-20 13:58:01.449', '2022-02-20 13:58:01.461', 33, 22, 2),
(324, '2022-02-20 13:58:01.449', '2022-02-20 13:58:01.461', 34, 22, 2),
(325, '2022-03-02 16:00:02.033', '2022-03-02 16:00:02.049', 1, 30, 2),
(326, '2022-03-02 16:00:02.033', '2022-03-02 16:00:02.049', 3, 30, 2),
(327, '2022-03-02 16:00:02.033', '2022-03-02 16:00:02.049', 13, 30, 2),
(328, '2022-03-02 16:00:02.033', '2022-03-02 16:00:02.049', 14, 30, 2),
(329, '2022-03-02 16:00:02.033', '2022-03-02 16:00:02.049', 16, 30, 2),
(330, '2022-03-02 16:00:02.033', '2022-03-02 16:00:02.049', 18, 30, 2),
(331, '2022-03-02 16:00:02.033', '2022-03-02 16:00:02.049', 23, 30, 2),
(332, '2022-03-02 16:00:02.033', '2022-03-02 16:00:02.049', 33, 30, 2),
(333, '2022-03-02 16:00:02.033', '2022-03-02 16:00:02.049', 35, 30, 2);

-- --------------------------------------------------------

--
-- Struktur dari tabel `periode`
--

CREATE TABLE `periode` (
  `id` int(11) NOT NULL,
  `createdAt` datetime(3) NOT NULL DEFAULT current_timestamp(3),
  `updatedAt` datetime(3) NOT NULL,
  `tahun` int(11) NOT NULL,
  `aktif` tinyint(1) NOT NULL DEFAULT 0
) ENGINE=InnoDB DEFAULT CHARSET=utf8mb4 COLLATE=utf8mb4_unicode_ci;

--
-- Dumping data untuk tabel `periode`
--

INSERT INTO `periode` (`id`, `createdAt`, `updatedAt`, `tahun`, `aktif`) VALUES
(1, '2022-02-10 18:59:18.903', '2022-02-13 11:30:53.445', 2020, 0),
(2, '2022-02-10 19:00:12.267', '2022-02-13 11:30:53.453', 2019, 1);

-- --------------------------------------------------------

--
-- Struktur dari tabel `subkriteria`
--

CREATE TABLE `subkriteria` (
  `id` int(11) NOT NULL,
  `createdAt` datetime(3) NOT NULL DEFAULT current_timestamp(3),
  `updatedAt` datetime(3) NOT NULL,
  `nama` varchar(191) COLLATE utf8mb4_unicode_ci NOT NULL,
  `bobot` int(11) NOT NULL,
  `kriteriaId` int(11) NOT NULL
) ENGINE=InnoDB DEFAULT CHARSET=utf8mb4 COLLATE=utf8mb4_unicode_ci;

--
-- Dumping data untuk tabel `subkriteria`
--

INSERT INTO `subkriteria` (`id`, `createdAt`, `updatedAt`, `nama`, `bobot`, `kriteriaId`) VALUES
(1, '2022-02-10 18:22:02.814', '2022-02-19 16:33:43.137', 'Ada', 6, 1),
(2, '2022-02-10 18:22:12.481', '2022-02-19 16:34:18.685', 'Tidak', 0, 1),
(3, '2022-02-10 18:23:54.740', '2022-02-19 16:38:11.949', 'ada', 6, 2),
(4, '2022-02-10 18:24:36.145', '2022-02-19 16:38:19.855', 'Tidak', 0, 2),
(5, '2022-02-10 18:26:31.196', '2022-02-19 16:40:14.703', 'Tidak memiliki anak usia sekolah', 0, 3),
(6, '2022-02-10 18:27:04.606', '2022-02-19 16:41:00.020', 'Anak SD', 1, 3),
(7, '2022-02-10 18:27:50.107', '2022-02-19 16:41:31.532', 'Anak SMP', 2, 3),
(8, '2022-02-10 18:28:31.560', '2022-02-19 16:41:44.498', 'Anak SMA', 3, 3),
(11, '2022-02-10 18:31:19.730', '2022-02-19 16:42:18.918', 'Anak SMP, SMA', 6, 3),
(12, '2022-02-10 18:32:21.115', '2022-02-19 16:41:57.157', 'Anak SD, SMP', 4, 3),
(13, '2022-02-10 18:33:15.945', '2022-02-19 16:42:08.734', 'Anak SD, SMA', 5, 3),
(14, '2022-02-10 18:34:03.638', '2022-02-19 16:47:07.667', 'Ada ', 5, 4),
(15, '2022-02-10 18:34:24.562', '2022-02-19 16:47:19.882', 'Tidak', 0, 4),
(16, '2022-02-10 18:35:05.021', '2022-02-19 16:48:53.875', 'Ada', 5, 5),
(17, '2022-02-10 18:35:26.784', '2022-02-19 16:48:43.290', 'Tidak', 0, 5),
(18, '2022-02-10 18:36:15.166', '2022-02-10 18:36:15.167', 'PNS', 1, 6),
(19, '2022-02-10 18:36:34.438', '2022-02-10 18:36:34.438', 'Swasta', 2, 6),
(20, '2022-02-10 18:36:53.255', '2022-02-10 18:36:53.255', 'Buruh', 3, 6),
(21, '2022-02-10 18:37:21.552', '2022-02-10 18:37:21.552', 'Petani', 4, 6),
(22, '2022-02-10 18:37:55.537', '2022-02-10 18:37:55.537', 'Tidak bekerja', 5, 6),
(23, '2022-02-10 18:38:57.511', '2022-02-10 18:38:57.512', '> 2.500.000', 1, 7),
(25, '2022-02-10 18:39:51.709', '2022-02-10 18:39:51.709', '> 2.000.000 - <= 2.500.000', 2, 7),
(26, '2022-02-10 18:40:12.046', '2022-02-10 18:40:12.046', '> 1.000.000 - <= 2.000.000', 3, 7),
(27, '2022-02-10 18:40:40.485', '2022-02-10 18:40:40.485', '> 500.000 - <= 1.000.000', 4, 7),
(28, '2022-02-10 18:41:36.978', '2022-02-10 18:41:36.978', '<= 500.000', 5, 7),
(29, '2022-02-10 18:42:29.838', '2022-02-10 18:42:29.838', '2 orang', 1, 8),
(30, '2022-02-10 18:43:04.185', '2022-02-10 18:43:04.186', '3 orang', 2, 8),
(31, '2022-02-10 18:43:15.206', '2022-02-10 18:43:15.206', '4 orang', 3, 8),
(32, '2022-02-10 18:43:43.731', '2022-02-10 18:43:43.731', '5 orang', 4, 8),
(33, '2022-02-10 18:44:00.775', '2022-02-10 18:44:00.775', '> 5 orang', 5, 8),
(34, '2022-02-10 18:44:50.853', '2022-02-19 16:50:02.003', 'Ada', 0, 9),
(35, '2022-02-10 18:45:01.522', '2022-02-19 16:49:51.011', 'Tidak', 5, 9);

-- --------------------------------------------------------

--
-- Struktur dari tabel `user`
--

CREATE TABLE `user` (
  `id` int(11) NOT NULL,
  `createdAt` datetime(3) NOT NULL DEFAULT current_timestamp(3),
  `updatedAt` datetime(3) NOT NULL,
  `username` varchar(191) COLLATE utf8mb4_unicode_ci NOT NULL,
  `password` varchar(191) COLLATE utf8mb4_unicode_ci NOT NULL,
  `role` enum('ADMIN','PENERIMA') COLLATE utf8mb4_unicode_ci NOT NULL,
  `penerimaBantuanId` int(11) DEFAULT NULL
) ENGINE=InnoDB DEFAULT CHARSET=utf8mb4 COLLATE=utf8mb4_unicode_ci;

--
-- Dumping data untuk tabel `user`
--

INSERT INTO `user` (`id`, `createdAt`, `updatedAt`, `username`, `password`, `role`, `penerimaBantuanId`) VALUES
(1, '2022-02-10 18:02:30.211', '2022-02-10 18:02:30.211', 'adminzero', '$2b$04$punJDg7TuLXQg/2xi0/N8.LhQIVpFn9at9eJQKKH.yPKNqdVOX.oe', 'ADMIN', NULL),
(2, '2022-02-11 14:59:50.055', '2022-02-11 14:59:50.055', 'client01', '$2b$04$wEH0T8yyS3I1ITSRT9XgtuY/ogiK2XewFg7ruMbJjkwRM.QxWYWUO', 'PENERIMA', NULL),
(5, '2022-02-28 15:23:57.353', '2022-03-02 15:58:50.467', 'Ama Angel', '$2b$04$mPbgz5ugvTdC4pMTcupp/.nReb9lEQDMF7xQHdwNUY/fS3gd7p0fK', 'PENERIMA', 30),
(6, '2022-03-02 16:03:35.498', '2022-03-02 16:03:35.499', 'yessy ratu edo', '$2b$04$bOL4Re9pD.zOVFUKfBguFOk1B5tWkfg5LAHuHSNeqmKUsceGfevPy', 'PENERIMA', NULL);

-- --------------------------------------------------------

--
-- Struktur dari tabel `_prisma_migrations`
--

CREATE TABLE `_prisma_migrations` (
  `id` varchar(36) COLLATE utf8mb4_unicode_ci NOT NULL,
  `checksum` varchar(64) COLLATE utf8mb4_unicode_ci NOT NULL,
  `finished_at` datetime(3) DEFAULT NULL,
  `migration_name` varchar(255) COLLATE utf8mb4_unicode_ci NOT NULL,
  `logs` text COLLATE utf8mb4_unicode_ci DEFAULT NULL,
  `rolled_back_at` datetime(3) DEFAULT NULL,
  `started_at` datetime(3) NOT NULL DEFAULT current_timestamp(3),
  `applied_steps_count` int(10) UNSIGNED NOT NULL DEFAULT 0
) ENGINE=InnoDB DEFAULT CHARSET=utf8mb4 COLLATE=utf8mb4_unicode_ci;

--
-- Dumping data untuk tabel `_prisma_migrations`
--

INSERT INTO `_prisma_migrations` (`id`, `checksum`, `finished_at`, `migration_name`, `logs`, `rolled_back_at`, `started_at`, `applied_steps_count`) VALUES
('116144fd-f5b5-48a6-929b-f663fd4491a2', '221f0e6e8dc5c44b932f139a99e6029eb9d6bf787c67d33a07d55c6ffed55c27', '2022-02-10 18:01:28.289', '20220210180128_initial', NULL, NULL, '2022-02-10 18:01:28.139', 1),
('32e6816b-3413-4e8f-8125-5d80d649ae33', 'b13d464cb6e8a3f4cbd61ac114084fa0bd91db6e89b2afa61c81f46553fae019', '2022-02-11 14:41:16.490', '20220211144116_change_role', NULL, NULL, '2022-02-11 14:41:16.467', 1),
('8cbf90aa-3882-4746-a745-8d22fb67f82e', 'b112ae4ee094c827457078d10693e24a767e717ae8aefbdece56adfe01f031c1', '2022-02-10 18:50:41.959', '20220210185041_nullable_optional_profile_picture', NULL, NULL, '2022-02-10 18:50:41.937', 1),
('c970cbc1-8783-49f9-b3d7-6adf7e3c5ecc', '13ada85de0b5c299374098290f71a6f914a9a19556aefc44287bc6f8477c3059', '2022-02-11 15:08:10.998', '20220211150810_connect_penerima_bantuan_to_user', NULL, NULL, '2022-02-11 15:08:10.952', 1),
('f0ecd8d4-d025-4e45-884d-1d4ff81834c4', 'f71343033bef70bebe6f5bab9deb5c77a311d37eefdf85006bb54eb56da33f18', '2022-02-13 13:23:08.963', '20220213132308_user_penerima_bantuan_referential_integrity', NULL, NULL, '2022-02-13 13:23:08.922', 1),
('faf1cd31-2764-4d89-9b7a-7afee583183b', '758fc1f14987b52879bb24d3d3cf4e58e0edfbfa2915aac2b68010690339f1f5', '2022-02-13 13:22:22.192', '20220213132222_referential_integrity', NULL, NULL, '2022-02-13 13:22:22.082', 1);

--
-- Indexes for dumped tables
--

--
-- Indeks untuk tabel `kriteria`
--
ALTER TABLE `kriteria`
  ADD PRIMARY KEY (`id`);

--
-- Indeks untuk tabel `penerimabantuan`
--
ALTER TABLE `penerimabantuan`
  ADD PRIMARY KEY (`id`);

--
-- Indeks untuk tabel `penilaian`
--
ALTER TABLE `penilaian`
  ADD PRIMARY KEY (`id`),
  ADD KEY `Penilaian_periodeId_fkey` (`periodeId`),
  ADD KEY `Penilaian_penerimaBantuanId_fkey` (`penerimaBantuanId`),
  ADD KEY `Penilaian_subkriteriaId_fkey` (`subkriteriaId`);

--
-- Indeks untuk tabel `periode`
--
ALTER TABLE `periode`
  ADD PRIMARY KEY (`id`);

--
-- Indeks untuk tabel `subkriteria`
--
ALTER TABLE `subkriteria`
  ADD PRIMARY KEY (`id`),
  ADD KEY `Subkriteria_kriteriaId_fkey` (`kriteriaId`);

--
-- Indeks untuk tabel `user`
--
ALTER TABLE `user`
  ADD PRIMARY KEY (`id`),
  ADD UNIQUE KEY `User_username_key` (`username`),
  ADD UNIQUE KEY `User_penerimaBantuanId_key` (`penerimaBantuanId`);

--
-- Indeks untuk tabel `_prisma_migrations`
--
ALTER TABLE `_prisma_migrations`
  ADD PRIMARY KEY (`id`);

--
-- AUTO_INCREMENT untuk tabel yang dibuang
--

--
-- AUTO_INCREMENT untuk tabel `kriteria`
--
ALTER TABLE `kriteria`
  MODIFY `id` int(11) NOT NULL AUTO_INCREMENT, AUTO_INCREMENT=10;

--
-- AUTO_INCREMENT untuk tabel `penerimabantuan`
--
ALTER TABLE `penerimabantuan`
  MODIFY `id` int(11) NOT NULL AUTO_INCREMENT, AUTO_INCREMENT=31;

--
-- AUTO_INCREMENT untuk tabel `penilaian`
--
ALTER TABLE `penilaian`
  MODIFY `id` int(11) NOT NULL AUTO_INCREMENT, AUTO_INCREMENT=334;

--
-- AUTO_INCREMENT untuk tabel `periode`
--
ALTER TABLE `periode`
  MODIFY `id` int(11) NOT NULL AUTO_INCREMENT, AUTO_INCREMENT=4;

--
-- AUTO_INCREMENT untuk tabel `subkriteria`
--
ALTER TABLE `subkriteria`
  MODIFY `id` int(11) NOT NULL AUTO_INCREMENT, AUTO_INCREMENT=36;

--
-- AUTO_INCREMENT untuk tabel `user`
--
ALTER TABLE `user`
  MODIFY `id` int(11) NOT NULL AUTO_INCREMENT, AUTO_INCREMENT=8;

--
-- Ketidakleluasaan untuk tabel pelimpahan (Dumped Tables)
--

--
-- Ketidakleluasaan untuk tabel `penilaian`
--
ALTER TABLE `penilaian`
  ADD CONSTRAINT `Penilaian_penerimaBantuanId_fkey` FOREIGN KEY (`penerimaBantuanId`) REFERENCES `penerimabantuan` (`id`) ON DELETE CASCADE ON UPDATE CASCADE,
  ADD CONSTRAINT `Penilaian_periodeId_fkey` FOREIGN KEY (`periodeId`) REFERENCES `periode` (`id`) ON UPDATE CASCADE,
  ADD CONSTRAINT `Penilaian_subkriteriaId_fkey` FOREIGN KEY (`subkriteriaId`) REFERENCES `subkriteria` (`id`) ON DELETE CASCADE ON UPDATE CASCADE;

--
-- Ketidakleluasaan untuk tabel `subkriteria`
--
ALTER TABLE `subkriteria`
  ADD CONSTRAINT `Subkriteria_kriteriaId_fkey` FOREIGN KEY (`kriteriaId`) REFERENCES `kriteria` (`id`) ON UPDATE CASCADE;

--
-- Ketidakleluasaan untuk tabel `user`
--
ALTER TABLE `user`
  ADD CONSTRAINT `User_penerimaBantuanId_fkey` FOREIGN KEY (`penerimaBantuanId`) REFERENCES `penerimabantuan` (`id`) ON DELETE CASCADE ON UPDATE CASCADE;
COMMIT;

/*!40101 SET CHARACTER_SET_CLIENT=@OLD_CHARACTER_SET_CLIENT */;
/*!40101 SET CHARACTER_SET_RESULTS=@OLD_CHARACTER_SET_RESULTS */;
/*!40101 SET COLLATION_CONNECTION=@OLD_COLLATION_CONNECTION */;
